analysis_date,stock,techniques,vip_indicators,context_tags,outcome,max_return_pct,stop_hit,source_url,market_date,history_rows,close,amount20,ema5,dist_ema5_pct,ema15,dist_ema15_pct,ema20,dist_ema20_pct,ema33,dist_ema33_pct,ema56,dist_ema56_pct,ema60,dist_ema60_pct,ema112,dist_ema112_pct,ema224,dist_ema224_pct,ema448,dist_ema448_pct,ema33_slope10_pct,ema33_slope20_pct,ema56_slope10_pct,ema56_slope20_pct,ema112_slope10_pct,ema112_slope20_pct,ema224_slope10_pct,ema224_slope20_pct,ema448_slope10_pct,ema448_slope20_pct,reverse_112_224_448,above112,above224,ema5_above112,ma112_224_gap_pct,long_ma_compression_pct,volume_ratio20,volume_ratio5,body_pct,close_pos,atr14_pct,dist_bb20_upper2_pct,dist_bb35_upper2_pct,dist_bb40_upper2_pct,dist_bb20_upper2_shift26_pct,drawdown_from_20d_high_pct,rise_from_20d_low_pct,drawdown_from_60d_high_pct,rise_from_60d_low_pct,drawdown_from_120d_high_pct,rise_from_120d_low_pct,strong_up_candles_20d,max_volume_ratio20_last20,ma60_last_up_cross_days,ma60_pre_down_amp_pct,ma60_current_up_amp_pct,ma60_mirror_ratio_candidate,ma60_below_run_before_cross,ma60_days_since_cross,ma112_last_up_cross_days,ma112_pre_down_amp_pct,ma112_current_up_amp_pct,ma112_mirror_ratio_candidate,ma112_below_run_before_cross,ma112_days_since_cross,ma224_last_up_cross_days,ma224_pre_down_amp_pct,ma224_current_up_amp_pct,ma224_mirror_ratio_candidate,ma224_below_run_before_cross,ma224_days_since_cross,series_id,has_watermelon,has_blue_dot,has_rainbow,has_pink_arrow,has_green_arrow
2025-01-20,티피씨글로벌,중파동 추세전환-눌림,색변환 파란점선;수박지표;레인보우,224안착;이평수렴;공구리;대파동저점,success,70.9,False,https://contents.premium.naver.com/jusikdante/jusikdante1/contents/260129172322861yc,2025-01-20,748,1961.0,283467584.5,2002.7642693144555,-2.085331257120515,2018.4400007475228,-2.8457621096614316,2012.7826266076888,-2.5726884723246246,1996.3519334838695,-1.7708267210268969,1987.4540115859884,-1.3310502498056875,1988.3253231360359,-1.3742883429627928,2039.1092431797342,-3.830557065100293,2219.986771982211,-11.666140323483255,2542.3941143722122,-22.867977513225746,1.3952475168541367,2.5515637621269738,0.9539852018169537,1.4494729854006572,-0.0631414176427425,-0.5628753726690028,-0.7798214310906104,-1.8086613964092835,-0.905587848672651,-1.9178360684488638,True,False,False,False,8.14768498106736,25.664705313231924,0.23016403049900622,0.36681205502818154,-0.4062976130015241,0.07751937984495975,7.019013622787212,-9.416876104310534,-15.081337385295823,-14.380776856102983,3.817174516271482,-12.650334075723823,6.344902386117179,-20.284552845528438,22.48594628357281,-20.284552845528438,22.48594628357281,1,2.2483118857186546,12,14.56460410485952,,,2,12,4,19.550055141119874,,,3,4,25,27.579098295072324,,,191,25,130740_E01,True,True,True,False,False
2025-06-17,메쎄이상,역매공파;지분기법,가격이동평균;수박지표;파란점선,224기준1대1;224안착;공구리;매집봉,success,62.0,False,https://contents.premium.naver.com/jusikdante/jusikdante1/contents/250905133030841pp,2025-06-17,803,2360.0,125632263.9,2338.4610370432124,0.9210742713088749,2310.042376997536,2.162627988989363,2298.8472684850935,2.660147646746691,2272.4001037711937,3.8549503709064625,2238.289476960091,5.437657831694254,2233.8017032398598,5.649485206189286,2202.7736277633985,7.137654557642503,2225.500264308763,6.0435731169419915,2322.2422711875192,1.625916868405497,1.738209480522368,3.673822569305507,1.5429283743282118,3.1034844082717727,1.0196403006200283,1.9357697932299356,0.38120111817869784,0.6487126453106118,-0.012771017359303194,-0.0966564647106316,True,True,True,True,1.0211922644917322,5.062230653564437,0.9107000546810742,0.675711189379572,-2.2774327122153206,0.26666666666666494,3.4049636803874086,-0.4331474778590305,-1.1181788840233908,-1.0311635970680633,3.8516434315981396,-2.2774327122153215,9.767441860465098,-2.2774327122153215,16.831683168316758,-5.6000000000001044,20.162932790223962,0,2.493325984417299,32,4.433673796676846,5.649485206189286,1.2742221158497775,1,32,32,5.064653148970165,7.137654557642503,1.409307675708031,1,32,18,8.234862932715952,6.0435731169419915,0.7339008756213448,1,18,408920_E01,True,True,False,False,False
2025-06-30,이연제약,역매공파;영차기법,분홍색화살표;수박지표;색변환 파란점선,112안착;기준봉;공구리;기준봉눌림,stop,-5.0,True,https://contents.premium.naver.com/jusikdante/jusikdante1/contents/250902164248381yh,2025-06-30,853,11770.0,2383117085.75,11983.307066308764,-1.7800350531655962,11629.849196197494,1.2050956245273303,11527.812494907595,2.1008973315569612,11391.136098367686,3.3259536042818727,11397.489498825496,3.26835573055706,11416.30381599624,3.0981672326219067,11802.691250211928,-0.2769813216230932,12651.974778957938,-6.971044397154424,14509.851489749743,-18.88269836314499,2.534169937652875,3.375068742697729,1.1653697715633404,0.9413974567813677,-0.19445847647812098,-1.2154288463929408,-0.7152801436686507,-1.827862394149371,-0.8851669753400682,-1.9385526114749418,True,False,False,True,6.7126558784996115,23.00051180575883,0.6825123336986133,0.2053248149005052,-2.566225165562926,0.0714285714285671,5.461827891734435,-6.7719528025162345,-4.057148758761098,-3.5968153384554946,1.395323145021532,-18.433818433818427,8.981481481481524,-18.433818433818427,19.735503560529,-18.433818433818427,19.735503560529,1,15.658217577822835,2,17.59902850647769,3.0981672326219067,0.1760419463768447,5,2,2,21.398819368615733,,,109,2,2,25.93340201089862,,,148,2,102460_E01,True,True,False,True,False
2025-07-31,RF머트리얼즈,역매공파;삼각수렴,수박지표;초록색화살표;색변환 파란점선,112안착;기준봉;공구리;수박연속,success,107.0,False,https://contents.premium.naver.com/jusikdante/jusikdante1/contents/250916172551785bp,2025-07-31,876,6540.0,1597402838.75,6314.840131993001,3.565567192529029,6095.860650428691,7.285917035194611,6053.656525806142,8.033879558918212,5983.635401851304,9.29810325636753,5912.8886457223,10.60583738087788,5905.418341444467,10.74575283010879,5918.3973972383665,10.502887201384702,6397.291321879278,2.2307672253824906,7674.588114042608,-14.783700404280864,1.8008344606694315,1.9049274358125423,1.3464668240976474,1.6561807586113808,0.5558740427433762,0.5011255197864273,-0.45989816339639944,-1.2644374655571555,-0.9406093808024707,-2.0276757905933973,True,True,True,True,7.485885831133775,26.853069064285044,0.44624348446269313,0.11883219031432837,0.0,1.0,6.574923547400613,0.6871086010553862,2.063499412319403,2.04353816320344,1.602980427142886,-11.141304347826065,17.83783783783783,-11.141304347826065,26.990291262135923,-18.45386533665837,36.10822060353793,1,17.670385082590236,3,7.4199627199265485,10.74575283010879,1.4482219433866865,4,3,3,11.190782058706214,10.502887201384702,0.9385302248124525,4,3,1,21.453442436025515,2.2307672253824906,0.10398178437025533,244,1,327260_E01,True,True,False,False,True
2025-08-04,네패스아크,밥그릇;기준봉매매;역매공파,수박지표;파란점선,224부근안착;공구리;기준봉;눌림,success,34.0,False,https://contents.premium.naver.com/jusikdante/jusikdante1/contents/251001163002355sr,2025-08-04,878,14540.0,5960777592.0,14883.223714850697,-2.3061113736281724,14618.810023187878,-0.5391001255428574,14448.997458412003,0.6298190711841789,13995.896882671143,3.8875902122609496,13362.296289143353,8.813632667414439,13280.74338051,9.481823294153902,12841.888506053081,13.223222527952228,13995.51047399087,3.8904584939649434,17661.948694881605,-17.676128205413367,4.814260208147991,10.412480204783957,4.626886021794441,9.716116117563711,2.9386332665157333,5.697632193204538,0.47611872449482284,0.6152715109626561,-0.7598577456183864,-1.684052251635093,True,True,True,True,8.24280021855343,33.150345177637725,0.25086030171637214,0.33323571698610366,-1.2898845892735928,0.5957446808510638,5.718215759481234,-8.710523317314234,-7.980672971439285,-9.465273376325278,-7.053907753269351,-17.62039660056657,9.241172051089386,-17.62039660056657,46.57258064516123,-17.62039660056657,59.604829857299556,1,15.534962071056441,41,20.2725075619169,9.481823294153902,0.46771832567797705,48,41,33,25.992345464885858,13.223222527952228,0.5087352561474696,3,33,5,30.242573355941495,3.8904584939649434,0.12864178084900368,4,5,330860_E01,True,True,False,False,False
2025-08-04,덕산하이메탈,밥그릇;기준봉매매,수박지표;가격이동평균;파란점선,횡보;기준봉;거래량감소눌림;112손절참조,success,77.0,False,https://contents.premium.naver.com/jusikdante/jusikdante1/contents/251002161729128jt,2025-08-04,878,4630.0,5721033496.6,4670.063603100845,-0.8578813160969312,4476.73904354244,3.4234954275173424,4420.77307259931,4.732813106773426,4333.359898941633,6.845498827152974,4259.292052825378,8.703510878731958,4251.643633341653,8.899061146405906,4243.682429595732,9.103357209532525,4547.999735436467,1.8029962474407135,5261.911575270324,-12.009163708492377,3.8223141200624644,4.547268986326847,2.563149307825152,3.093898917658411,1.168780974095851,1.1861933363750854,-0.12309422759493316,-0.8499384242481867,-0.669784811038765,-1.6045368831599016,True,True,True,True,6.691234026897527,21.99199018735618,1.3461072940044825,0.36481389529190184,1.8701870187018708,0.9166666666666683,5.792965134217833,-7.5149491472754075,-3.717212172248374,-2.9355584980682803,6.144102906609672,-15.201465201465203,14.745972738537816,-15.201465201465203,23.46666666666668,-15.201465201465203,32.28571428571427,1,16.744111860649788,5,6.7769186211827455,8.899061146405906,1.3131426897454457,2,5,5,9.588242935236007,9.103357209532525,0.9494291363935339,2,5,3,19.03223031267585,1.8029962474407135,0.09473383927263015,262,3,077360_E01,True,True,False,False,False
2025-08-08,비씨엔씨,지분기법;역매공파,색변환 파란점선;수박지표;초록색화살표,112기준1대1;112안착;매집봉;공구리,success,53.0,False,https://contents.premium.naver.com/jusikdante/jusikdante1/contents/251002164439202kg,2025-08-08,843,10290.0,2186548310.0,10197.747218772625,0.9046388309915221,9898.576103750396,3.9543454750153417,9784.033635379903,5.171347355046696,9577.814694811601,7.43578079010232,9406.245231243014,9.395404298216459,9393.213804288804,9.547171121578613,9529.98025387265,7.975040093273056,10790.057015375332,-4.634424217247169,13178.810727730557,-21.920116977262495,4.652445346150946,7.1373283594563075,3.152375793348128,4.592945168026996,1.1129352287360117,1.0903957849392354,-0.626431463942656,-1.844174431428669,-1.0690883154031217,-2.37556795842494,True,True,False,True,11.678128852397442,35.45996573234117,0.28211719789011813,1.0107179900887404,0.5865102639296201,0.5,3.797029015687914,-2.2615947697728456,-1.2590356733915065,-0.6223727142299573,7.71981577759886,-9.098939929328642,16.13995485327311,-9.098939929328642,22.79236276849639,-19.16732128829537,37.199999999999946,1,17.255034800725106,18,13.798978150085691,9.547171121578613,0.6918752256680198,1,18,9,20.44924101724864,7.975040093273056,0.38999198486370346,4,9,434,11.290511040871614,,,1,434,146320_E01,True,True,False,False,True
2025-08-11,TP,밥그릇,수박지표;색변환 파란점선;레인보우,224안착;공구리;수박재출현;전고점갭목표,success,50.0,False,https://contents.premium.naver.com/jusikdante/jusikdante1/contents/250926142559776wn,2025-08-11,883,1527.0,340333803.3,1511.6819659362895,1.0133106307332884,1495.2879760063154,2.1207970974515877,1492.9341935228126,2.2818022807022498,1485.867057692317,2.768278769943655,1470.1256347491978,3.8686737994678033,1467.6324559415614,4.04512341070784,1448.748560294847,5.401312681147874,1470.3758219263984,3.8510003516934788,1567.5930985308833,-2.5895175584101815,0.43767355731068047,0.9760504595577979,0.6443881527079753,1.5374611661689963,0.5723963700476675,1.2792118603516478,0.1270910230583011,0.2804862396865948,-0.22524169038193875,-0.4515986623138235,True,True,True,True,1.4708662444691663,7.782877422137284,0.8919663020604266,0.5070073864630446,0.2626395272488517,0.5666666666666634,2.3435307325287704,-0.9889652590108655,-0.8327398493245153,-0.8948002058030702,-1.3551678013507873,-2.178090967328661,6.783216783216761,-4.919053549190577,15.85735963581174,-4.919053549190577,22.355769230769162,0,5.6479362661960435,8,6.239237932327714,4.04512341070784,0.6483361356919273,2,8,49,9.905419143504702,5.401312681147874,0.5452886549167065,66,49,7,12.581942299056022,3.8510003516934788,0.306073598190194,4,7,007980_E01,True,True,True,False,False
2025-08-25,동아엘텍,역매공파,색변환 파란점선;수박지표,112안착;매집봉;공구리;박스저점,success,28.0,False,https://contents.premium.naver.com/jusikdante/jusikdante1/contents/251014165118313vd,2025-08-25,892,3385.0,1007950168.9,3301.1249464407806,2.5408021483601217,3229.5174373534187,4.814420905372119,3216.590387361274,5.23565615629662,3189.571657302113,6.127103062584571,3159.845119482858,7.1255036877880595,3157.680395502689,7.198942768909422,3193.58421749201,5.9937602853734395,3367.9211197374652,0.5071045210187641,3587.690133061129,-5.649599757607482,0.7690861561970186,1.7575301093899487,0.7238167810644569,1.592503186642058,0.09171243030823284,0.13564230712377334,-0.44561120767961926,-0.9544326866053221,-0.48399551237264804,-0.9963838573966877,True,True,True,True,5.176395053428245,11.642715378703665,0.45957998778270015,0.7629365919795124,-0.29455081001472716,0.6,5.581346275585568,0.6682512905911819,0.0320236668540419,-0.6010660513559141,1.9185093614168203,-11.734028683181219,12.645590682196328,-11.734028683181219,18.150087260034866,-11.734028683181219,24.448529411764675,0,14.91008358253551,3,3.76998175223466,7.198942768909422,1.9095431336351276,1,3,2,8.784392931979133,5.9937602853734395,0.6823192372865589,6,2,1,15.243693459571187,0.5071045210187641,0.033266512631186775,176,1,088130_E01,True,True,False,False,False
2025-09-08,벨로크,역매공파;역헤드앤숄더,색변환 파란점선;역매공파화살표;수박지표,역배열;쓰리바닥;공구리;112손절참조,success,72.0,False,https://contents.premium.naver.com/jusikdante/jusikdante1/contents/251210171513294nm,2025-09-08,766,1002.0,85215107.55,995.9804394235696,0.6043854214560884,966.0179976237637,3.7247755698905927,956.2485138597149,4.784476574569285,942.1777894360458,6.349354785763062,933.1991356140607,7.3725812380513345,932.3528293529567,7.470044435364431,931.5833665281338,7.558811803853693,999.1878986537754,0.2814386913625899,1241.621854357536,-19.29910089102981,3.177419516269997,4.688774674401208,1.962241419869759,2.512532406640977,0.8900666864767981,0.924350278982855,-0.24501858609319305,-0.9611590591672159,-0.9796664417567325,-2.156203617601804,True,True,True,True,6.765947847919944,30.94196485323376,0.7557229312115303,0.9014807826842763,-1.085883514313919,0.5217391304347831,3.6070715711434285,-3.2919694127073407,-1.857318385192186,-1.5523112651165016,2.3048027721114916,-1.5717092337917515,23.856613102595816,-8.241758241758234,23.856613102595816,-14.505119453924964,30.129870129870095,0,1.611005899383554,17,9.39396582508473,7.470044435364431,0.7951960412094701,14,17,16,10.667798010473193,7.558811803853693,0.7085634539042426,18,16,3,18.29096687653567,0.2814386913625899,0.015386758571173725,87,3,424760_E01,True,True,False,False,False
2025-10-13,에브리봇,밥그릇;엘리어트파동,파란점선;수박지표,112_224_448수렴;이평위안착;장기횡보;눌림,success,56.0,False,https://contents.premium.naver.com/jusikdante/jusikdante1/contents/260213163747833yn,2025-10-13,922,20650.0,12562236314.0,19524.221324470807,5.766061840930847,18750.955042889433,10.127723909352039,18461.398338632265,11.855015645200995,17941.465165669346,15.096508614655303,17451.629930943876,18.327056450956604,17393.67308681256,18.721329859052616,16980.385537785758,21.61090190825408,17015.037112303984,21.36323807996565,17432.68723067493,18.455632954073884,5.658287666279493,9.721333079550366,4.116361189975715,6.580622724374785,2.4211431173446263,3.6867399746925322,1.1131532140213007,1.5421501168598306,0.4159472504789985,0.47301457816626424,True,True,True,True,0.2036526531768086,2.190322967986289,1.1710077035267403,2.0366056734622684,1.9753086419752999,0.4482758620689649,7.028709789000347,-0.6129185879141796,1.9658487239175626,3.1635391849501815,21.81201630065739,-5.707762557077611,26.764886433394743,-5.707762557077611,35.321100917431195,-5.707762557077611,53.41753343239215,3,8.75858921243969,21,6.805307373849853,18.721329859052616,2.750989607169163,2,21,21,6.6840167254825555,21.61090190825408,3.233220800579889,2,21,15,8.945934677589547,21.36323807996565,2.3880386845974497,35,15,270660_E01,True,True,False,False,False
2025-11-03,공구우먼,삼각수렴;밥그릇,수박지표;가격이동평균;구름대,작은밥그릇;2번끝;삼각수렴돌파;224하방여지,success,29.6,False,https://contents.premium.naver.com/jusikdante/jusikdante1/contents/251112164213072mf,2025-11-03,885,5040.0,1936449986.2,4974.64970017927,1.313666363651178,4879.792770325125,3.2830744503972165,4831.381525992761,4.317987989250582,4723.576867034044,6.698803509990103,4599.887136112087,9.567905708658442,4584.549961209403,9.934454693355544,4472.336331876886,12.692776794917048,4519.09964771143,11.526640103020625,5008.588417189297,0.6271544034822218,3.7201821528486168,8.378315300177452,3.0940755593047875,6.389697755627699,1.9847981933444059,3.8113357632234113,0.8260206149290461,1.4515502691069715,-0.08568073153948363,-0.2998717830692055,True,True,True,True,1.0347927569649003,10.639922327627195,0.5927870904917576,0.7022721491550199,2.6476578411405334,0.6250000000000019,4.457199546485259,-1.3832033557269585,-2.6085387408924743,-2.177610881293901,14.744793393338341,-4.725897920604916,11.135611907386966,-5.44090056285178,25.529265255292643,-5.44090056285178,27.91878172588833,0,1.9320971394361701,39,5.584179838341767,9.934454693355544,1.779035593578877,1,39,33,6.422796591208312,12.692776794917048,1.976207188670936,2,33,21,10.230573975962923,11.526640103020625,1.1266855730776058,51,21,366030_E01,True,False,False,False,False
2025-11-17,파트론,중파동 추세전환;지분기법,색변환 파란점선;레인보우;볼린저밴드,112기준1대1;224안착;대중파동저점,mixed,6.3,True,https://contents.premium.naver.com/jusikdante/jusikdante1/contents/251231160123145mc,2025-11-17,947,7010.0,946982105.5,7022.804686677947,-0.182330098147776,6958.273870327044,0.7433758808134572,6929.299070372209,1.1646333750096938,6858.343994497527,2.2112627424950793,6770.9779154872795,3.5300969445787977,6760.889728448387,3.6845782368466917,6717.750802559874,4.350402478888649,6838.100374600367,2.513850572275045,7250.006028160237,-3.3104252221034525,1.4522609629122218,3.187689396669624,1.2878967059772428,2.6601006668072857,0.7343972669434873,1.393499531968878,0.17583542804235908,0.26245997852445413,-0.1786446422744059,-0.4129915751735602,True,True,True,True,1.759985455719891,7.59279922397096,0.7727782415400742,0.7328517853553034,-1.2676056338028077,0.3571428571428595,2.1907479111473416,-1.4683523799919107,-2.9808167154033116,-2.689697884370301,4.387914566825102,-2.36768802228412,4.470938897168408,-2.36768802228412,12.520064205457393,-2.36768802228412,12.520064205457393,0,1.5149946561840588,26,4.275588450331364,3.6845782368466917,0.8617710239537043,5,26,26,6.1988327379518395,4.350402478888649,0.7018099475815294,6,26,15,9.697639342411753,2.513850572275045,0.259222939059091,2,15,091700_E01,False,True,True,False,False
2025-12-02,자이에스앤디,쌍바닥;각도/파동,수박지표;레인보우브릿지;색변환 파란점선,대중파동저점;쌍바닥;강한장대양봉;횡보조정,success,28.3,False,https://contents.premium.naver.com/jusikdante/jusikdante1/contents/260114164044466sv,2025-12-02,958,3915.0,827057048.6,3815.836354246431,2.5987394779971584,3702.9606691409617,5.7262107217635805,3657.375850387542,7.043961576581204,3576.1764368462373,9.47446439338895,3516.9802816401925,11.317087003234082,3512.0257308047157,11.47412633286573,3490.3893658767574,12.165136596919002,3565.048224394034,9.816186306019702,3993.5407989864884,-1.9666957955311593,4.364885682443087,9.506492580625391,2.9423717484847733,5.58978701777173,1.4642946145893232,2.473426610725693,0.4776273187427682,0.6466523995214413,-0.2824776276881047,-0.7279625385166688,True,True,True,True,2.094189301744072,12.851888457464398,0.3214513280339574,1.0029990736133751,1.4248704663212466,1.0,3.2567049808429123,0.010389262454113535,-2.087546310866839,-1.0743919256407164,14.281031078669804,0.0,20.833333333333393,-1.8796992481202701,28.360655737704967,-2.732919254658406,28.360655737704967,1,4.511909720713791,18,8.604742018884416,11.47412633286573,1.3334654667954038,1,18,18,10.07889907118627,12.165136596919002,1.2069906158398693,1,18,18,13.358289410332116,9.816186306019702,0.734838571353849,70,18,317400_E01,True,True,True,False,False
2025-12-09,성신양회,밥그릇;중파동 추세돌파-눌림,밥그릇매매기법;레인보우지표,밥그릇1_2;큰매집봉;강한공구리;기준봉시가손절,success,64.2,False,https://contents.premium.naver.com/jusikdante/jusikdante1/contents/260416172737910pf,2025-12-09,963,9730.0,419823596.75,9727.23298479572,0.028446066919585178,9705.635944304116,0.2510299771771418,9708.76180222017,0.21875289776882578,9739.127143786069,-0.09371624018578162,9788.35535226944,-0.5961711663431846,9791.051699888969,-0.6235458841429842,9695.680070664568,0.35397134688128773,9344.06425434729,4.130277095142576,9174.782957858904,6.051555057937463,-0.24394501817578407,-0.6327747705251019,-0.34665475293909065,-0.740535368575379,0.024844274057045368,0.1237199653945531,0.36457007945314146,0.806963039807429,0.265661010610696,0.566625876987592,False,True,True,True,3.762985856541929,5.3535160617231625,1.2097226789305937,0.9515348929029711,1.1434511434511436,0.3548387096774194,2.569373072970194,-3.498107722947097,-4.301557278575652,-4.00801172648475,-3.6316569604291304,-4.887585532746819,3.842049092849531,-13.969938107869185,6.9230769230768985,-13.969938107869185,10.693970420932875,0,2.1339855605348372,2,5.973647433656291,,,13,2,2,4.047526930991305,0.35397134688128773,0.08745373481544555,1,2,156,13.392505333399907,4.130277095142576,0.3084021243465159,2,156,004980_E01,False,False,True,False,False
2025-12-19,켄코아에어로스페이스,중파동 추세전환;작은밥그릇,수박지표;분홍색화살표;레인보우브릿지,15pct장대양봉;224안착기대;차눌림;기준봉시가손절,success,64.0,False,https://contents.premium.naver.com/jusikdante/jusikdante1/contents/251224171214006lz,2025-12-19,971,11670.0,2850128673.0,11350.58391027218,2.8140939025943057,10771.948667707216,8.336944038593641,10684.430754132296,9.224349603150618,10638.494429078806,9.695973220625298,10726.073253270095,8.800301139488553,10747.840790742295,8.579948542334304,11034.663823176747,5.7576396254938045,11371.62701862447,2.623837212448632,11737.536310458645,-0.5753874464990316,1.7839444454280207,-1.8353317936417146,0.3588605738238604,-2.3335922095652495,-0.446186682314631,-2.2977739993671586,-0.4958671841279183,-1.6328796228608056,-0.38016412263814914,-1.0573713833671783,True,True,True,True,2.9631924692556657,6.022900490847462,5.703288890004939,1.874132411419123,-10.092449922958401,0.0880503144654088,5.373974782715144,-0.3493933524695514,-0.9030756101056858,-1.0521527198964487,-0.24100200360562818,-11.051829268292689,21.43600416233089,-11.051829268292689,21.43600416233089,-11.254752851711103,21.43600416233089,2,9.060134303579412,5,9.632495236729474,8.579948542334304,0.8907295909805669,27,5,1,12.577631135240816,5.7576396254938045,0.4577682048062039,2,1,1,15.210457975218471,2.623837212448632,0.17250218347951782,32,1,274090_E01,True,False,True,True,False
2026-01-23,APS,중파동 추세돌파-눌림,수박지표;색변환 파란점선;거래량,중파동전환;저거래량음봉눌림;공구리;기간대칭잔여,success,141.0,False,https://contents.premium.naver.com/jusikdante/jusikdante1/contents/260401164539883kw,2026-01-23,993,4485.0,824817931.45,4382.351668941524,2.3423115900524927,4128.963577197816,8.622900545027656,4093.3369813960885,9.56830625926941,4072.769937881232,10.12161424303828,4118.05411436168,8.910662061447905,4130.405593528804,8.584977877880728,4328.67661472787,3.6113435857106024,4772.101607551789,-6.01625093433581,5707.411951835513,-21.41797301739159,0.9772187150626888,-0.8648338981381842,-0.24156182032848417,-2.0500611443140193,-1.125490602231749,-2.9570228601860205,-1.3600636139742495,-3.008152257272134,-1.2982843910521846,-2.69923184193287,True,True,False,True,9.292027481606933,30.741033157361038,1.3612645607854934,0.42869000859705186,-9.302325581395344,0.18584070796460206,7.54897276636407,-2.389729481176106,-0.6323902380862889,-0.6777678990611324,2.864632381476162,-17.403314917127066,25.10460251046025,-17.403314917127066,25.10460251046025,-17.403314917127066,25.10460251046025,5,13.826791725357575,4,14.135362207870422,8.584977877880728,0.6073404948265636,147,4,1,18.50166829955296,3.6113435857106024,0.19519015946242319,1,1,1,25.356170126053563,,,205,1,054620_E01,True,True,False,False,False
2026-02-04,머큐리,중파동 추세돌파,색변환 파란점선;수박지표;레인보우브릿지,대중파동저점;매집봉;112_224손절참조,mixed,,True,https://contents.premium.naver.com/jusikdante/jusikdante1/contents/260318173247578mv,2026-02-04,1001,3605.0,649640102.35,3555.2033163143933,1.4006704892824517,3400.252138178251,6.021549388141745,3360.0875182131895,7.288872104053068,3305.527357226537,9.059753873122744,3273.3618484108015,10.131423501199755,3271.031099092937,10.209896842609446,3274.540727695802,10.09177468794935,3391.1110571305076,6.307341141769651,3828.736076965549,-5.84360145144478,3.7777926792268657,3.5256366865945132,2.2172117217056364,1.8568599099265004,0.9409171366084879,0.5287936056588505,0.09779704421615243,-0.4832550036257932,-0.4796523022137178,-1.2660636964464733,True,True,True,True,3.4375261520731475,15.372963918716964,0.8056458336968251,0.3440438850239827,-2.43572395128552,0.35714285714285715,4.121260154547255,-0.9492395991946623,1.5858931462673587,2.2620858004643862,11.12823674475174,-3.738317757009346,16.103059581320455,-9.649122807017541,19.767441860465084,-9.649122807017541,19.767441860465084,0,2.098311968991307,7,5.922021361890679,10.209896842609446,1.724056064422876,13,7,6,7.128161874543613,10.09177468794935,1.415761154918425,14,6,6,11.290525172758995,6.307341141769651,0.5586401912452728,234,6,100590_E01,True,True,True,False,False
2026-02-10,아스플로,중파동 추세전환,수박지표;파란점선;레인보우지표,장기하락바닥;중파동돌파;매집;112손절참조,success,50.0,False,https://contents.premium.naver.com/jusikdante/jusikdante1/contents/260220172122886hw,2026-02-10,1005,5050.0,793772881.05,5039.189923503533,0.21452012447571445,5055.614495985319,-0.11105466980874112,5036.943818745567,0.2592083954925828,4948.261580908307,2.056043671664942,4779.611009381907,5.6571338146000905,4754.135526607564,6.22330751272373,4553.026160044162,10.915242357206601,4720.483803649343,6.9805598336321495,5746.54486547408,-12.121107235392948,2.538222570994164,6.243912124135065,2.9817393856077734,6.824350168761173,2.4365899302253524,5.151312490729865,0.7755623495831143,1.480063916476837,-0.5025941206794671,-1.0834710005778403,True,True,True,True,3.5474678141194134,23.634033770889474,0.8900553129868205,1.2634736683929089,-1.559454191033133,0.7288135593220345,6.5346534653465325,-5.9742749424980035,-8.23865502118889,-10.008447942078858,-3.4518901405161118,-16.25207296849085,11.11111111111114,-16.25207296849085,33.9522546419098,-16.25207296849085,47.660818713450226,0,3.308108842646012,34,7.444879599874772,6.22330751272373,0.8359178183121202,1,34,34,9.379026979873727,10.915242357206601,1.1637926173609916,1,34,30,21.19385288940804,6.9805598336321495,0.3293671929336074,14,30,159010_E01,True,True,True,False,False
2026-03-09,STX그린로지스,역매공파,수박지표;파란점선,역배열;중파동전환;공구리;112안착;매집봉,stop,-10.0,True,https://contents.premium.naver.com/jusikdante/jusikdante1/contents/260508173158169ph,2026-03-09,598,7200.0,6866924963.25,7269.218191738853,-0.9522095762308558,6902.606179998525,4.3084280378507644,6776.55707438176,6.248643979094237,6584.421871225659,9.349008019435345,6498.241435176513,10.799207321302395,6501.172773745901,10.74924864443254,6719.039970005387,7.158165930574567,7487.924915682467,-3.8451896743708747,9904.177451295753,-27.303402676231002,6.6714050978885275,7.617297399662193,3.813840690582837,3.5951975126357727,0.9330777646151756,-0.3379348687900796,-0.5705199686786622,-2.161307013003133,-1.3105049861217744,-2.995062589212927,True,True,False,True,10.268331404696008,44.23802057347731,1.0579806697198562,0.3062366159530841,-3.9999999999999853,0.3125000000000008,11.894841269841272,-9.163932584132228,-4.481991102947591,-3.4942544671339726,16.086493471102937,-25.0,24.999999999999957,-25.0,31.62705667276051,-25.0,31.62705667276051,4,13.225749216940905,4,14.565508804505608,10.74924864443254,0.7379933505039955,1,4,4,20.416160316001854,7.158165930574567,0.35061274107277235,3,4,4,29.507363466879788,,,167,4,465770_E01,True,True,False,False,False
2026-03-30,아이티엠반도체,기준봉매매;역매공파,색변환 파란점선;수박지표,역배열;강한장대양봉;공구리;20_60안착후눌림,success,66.0,False,https://contents.premium.naver.com/jusikdante/jusikdante1/contents/260409171022476in,2026-03-30,1035,11370.0,1870281861.75,11769.403332978434,-3.393573333146682,11138.592330571972,2.0775306480414812,10959.109165515336,3.7493087100327616,10682.362990087275,6.437124543987327,10536.85314836649,7.906979815531279,10536.46224774988,7.910983142640005,10766.80797114632,5.602329218373359,11705.782371382738,-2.8685171202535553,14278.047408219265,-20.36726258903738,4.647059624027428,5.858671352996869,2.77561073119299,2.9736288812006295,0.7241195201300288,-0.05628574503127037,-0.44597188200315996,-1.6285531787499696,-0.9949540823523284,-2.289683465263914,True,True,False,True,8.021457861133145,30.881613342769974,1.2458459921486045,0.5233686149162051,0.5305039787798569,0.8867924528301921,10.71742681241363,-11.584769236155223,-6.758019587247266,-6.229668679812351,3.172448561510044,-27.021822849807453,31.902552204176327,-27.021822849807453,31.902552204176327,-27.021822849807453,31.902552204176327,2,8.417133720705737,3,16.738938090147393,7.910983142640005,0.4726096183661998,2,3,3,21.175775626230266,5.602329218373359,0.2645631176519361,5,3,3,28.395706683947413,,,148,3,084850_E01,True,True,False,False,False
2026-04-20,한국선재,기준봉매매;밥그릇2번 매집 심화,색변환 파란점선;일목균형지표;수박지표,대중파동저점;공격형매집;중파동전환눌림;기준봉,success,31.6,False,https://contents.premium.naver.com/jusikdante/jusikdante1/contents/260515165352528il,2026-04-20,1050,3685.0,1041914872.15,3629.421093904936,1.5313435574725975,3458.419996367506,6.551546771950156,3421.863060861974,7.689873453665941,3379.4201074129674,9.04237658753122,3370.9727077452503,9.315628439626078,3373.1361787349197,9.245515293190554,3423.5345421349116,7.637295743539929,3502.2108424136413,5.219250519491436,3600.537165979828,2.345839804633343,2.9659074088079773,1.5854342636708818,1.4477122431283407,0.24308187713664164,0.28628739946519044,-0.7532172514821966,-0.08912268391562117,-0.8129622886371313,-0.16982103062109788,-0.6414014462759576,True,True,True,True,2.2464752643078403,4.803327648437347,1.3214664134059817,0.45048584523287677,-2.6420079260237763,0.25925925925926174,4.671447955030046,-0.9060692907056578,0.4855429477536033,0.08376833891463598,0.0090692619419519,-10.666666666666657,18.29855537720706,-10.666666666666657,28.62129144851653,-11.204819277108424,28.62129144851653,1,7.859093110653986,6,15.073354725490484,9.245515293190554,0.6133681228608986,14,6,5,16.97554649665873,7.637295743539929,0.44989984534772803,21,5,2,18.577317691631226,5.219250519491436,0.28094747617104177,24,2,025550_E01,True,True,False,False,False
