date,code,name,exchange,current_close,avg_turnover20,public_256_long,public_ma_hit_112_224,public_ma_hit_224_448,public_bowl3_structure_proxy,public_reverse112_context,public_224_4month_near10_context,research_share_1to1_proxy,research_blue_dot_bb35_proxy,research_blue_dot_bb35_recent5,research_accumulation_cool_proxy,research_concrete_proxy,public_technique_count,public_technique_raw_count,public_technique_families,public_context_count,public_signal_count,research_proxy_count,support_context_count,broad_context_count,confluence_count,signals,action_status,entry_validation,reverse_112_224_448,ema112_slope20_pct,ema224_slope20_pct,ema448_slope20_pct,long_ma_state,ma_turn_quality,ma_turn_score,days_since_5x112,days_since_price_x112,days_since_price_x224,bowl3_stage,bowl1_decline_days,bowl2_base_days,bowl1_decline_pct,bowl_peak_date,bowl_trough_date,below224_run_before_recovery,bowl_near224_10,bowl_below224_80,public_224_4month_near10,public224_watch_state,public224_watch_score,public224_entry_evidence,bowl_public_conditions,ema5,ema112,ema224,ema448,dist112_pct,dist224_pct,dist448_pct,current_volume_ratio20,max_volume_ratio20_last20,blue_dot_bb35_dist_pct,blue_dot_bb35_min5_dist_pct,concrete_level,concrete_break_date,concrete_retest_date,share_ma,share_cross_date,share_pre_below_days,share_recovery_ratio,share_cycle_mean_ratio,share_balance_error,stock,analysis_date,market_date,history_rows,ema448_available,outcome_label,stop_hit_label,official_techniques,official_context,official_vip_mentions,source_url,visual_match_status,unmentioned_signal_status,universe_filter_bypassed,data_source,stale_calendar_days,concrete_before,concrete_before_break_date,concrete_before_retest_date,anchor_proxy_date,official_bowl_mentioned,bowl_detector_on_named_case,chart
2025-01-20,130740,티피씨글로벌,KQ,1961.0,283467584.5,False,False,False,False,False,False,False,False,False,True,True,0,0,,0,0,0,1,1,1,accumulation_cool;concrete,WATCHLIST_RESEARCH_ONLY,NOT_VALIDATED,True,-0.5628753726690028,-1.8086613964092835,-1.9178360684488638,112DOWN;224DOWN;448DOWN,FLAT_TO_DOWN,1,4,4,25.0,,160,31,-37.03422053231938,2024-04-05,2024-12-03,25,False,False,False,,,,False,2002.7642693144555,2039.1092431797342,2219.986771982211,2542.3941143722122,-3.830557065100293,-11.666140323483255,-22.867977513225746,0.23016403049900622,2.2483118857186546,9.928190597356112,5.278260275805657,1867.999999999999,2024-12-10,2024-12-20,,,,,,,티피씨글로벌,2025-01-20,2025-01-20,748,True,success,False,중파동 추세전환-눌림,224안착;이평수렴;공구리;대파동저점,색변환 파란점선;수박지표;레인보우,https://contents.premium.naver.com/jusikdante/jusikdante1/contents/260129172322861yc,NOT_REVIEWED,UNKNOWN,True,MARCAP_RESEARCH_ADJUSTED,0,True,2024-12-10,2024-12-10,2025-01-02,False,,charts/130740_20250120.png
2025-06-17,408920,메쎄이상,KQ,2360.0,125632263.9,False,False,False,False,False,False,True,True,True,True,True,0,0,,0,0,1,1,2,2,share_1to1;blue_dot_bb35;accumulation_cool;concrete,WATCHLIST_RESEARCH_ONLY,NOT_VALIDATED,True,1.9357697932299356,0.6487126453106118,-0.0966564647106316,112UP;224UP;448DOWN,TURNED_UP,2,39,32,18.0,,135,108,-22.622309197651635,2024-06-13,2025-01-02,1,True,False,False,,,,False,2338.4610370432124,2202.7736277633985,2225.500264308763,2322.2422711875192,7.137654557642503,6.0435731169419915,1.625916868405497,0.9107000546810742,2.493325984417299,0.0,0.0,2200.0000000000005,2025-05-02,2025-05-07,224.0,2025-05-02,41.0,0.8179315832791919,0.8645163377706194,0.24816648019337034,메쎄이상,2025-06-17,2025-06-17,803,True,success,False,역매공파;지분기법,224기준1대1;224안착;공구리;매집봉,가격이동평균;수박지표;파란점선,https://contents.premium.naver.com/jusikdante/jusikdante1/contents/250905133030841pp,NOT_REVIEWED,UNKNOWN,True,MARCAP_RESEARCH_ADJUSTED,0,True,2025-05-02,2025-05-02,,False,,charts/408920_20250617.png
2025-06-30,102460,이연제약,KO,11770.0,2383117085.75,False,False,False,False,False,False,False,True,True,True,True,0,0,,0,0,0,1,2,1,blue_dot_bb35;accumulation_cool;concrete,WATCHLIST_RESEARCH_ONLY,NOT_VALIDATED,True,-1.2154288463929408,-1.827862394149371,-1.9385526114749418,112DOWN;224DOWN;448DOWN,FALLING,0,2,2,2.0,,114,54,-40.10727056019072,2024-10-18,2025-04-08,2,True,False,False,,,,False,11983.307066308764,11802.691250211928,12651.974778957938,14509.851489749743,-0.2769813216230932,-6.971044397154424,-18.88269836314499,0.6825123336986133,15.658217577822835,0.8780738238347352,0.0,11099.999999999998,2025-06-09,2025-06-10,,,,,,,이연제약,2025-06-30,2025-06-30,853,True,stop,True,역매공파;영차기법,112안착;기준봉;공구리;기준봉눌림,분홍색화살표;수박지표;색변환 파란점선,https://contents.premium.naver.com/jusikdante/jusikdante1/contents/250902164248381yh,NOT_REVIEWED,UNKNOWN,True,MARCAP_RESEARCH_ADJUSTED,0,True,2025-06-09,2025-06-09,2025-06-26,False,,charts/102460_20250630.png
2025-07-31,327260,RF머트리얼즈,KQ,6540.0,1597402838.75,False,False,True,True,False,True,True,True,True,True,True,1,2,RECOVERY_224,1,1,1,1,2,3,ma_hit_224_448;bowl3_structure;224_4month_near10_context;share_1to1;blue_dot_bb35;accumulation_cool;concrete,WATCHLIST_RESEARCH_ONLY,NOT_VALIDATED,True,0.5011255197864273,-1.2644374655571555,-2.0276757905933973,112UP;224DOWN;448DOWN,TURNED_UP,2,3,3,1.0,RECOVERED_224,127,155,-63.84156729131178,2024-06-03,2024-12-09,244,True,True,True,TURNING_COOLED,4.0,SEARCH_DAY_ENTRY_BACKTEST_NEGATIVE,True,6314.840131993001,5918.3973972383665,6397.291321879278,7674.588114042608,10.502887201384702,2.2307672253824906,-14.783700404280864,0.44624348446269313,17.670385082590236,0.0,0.0,6390.000000000002,2025-07-30,2025-07-31,60.0,2025-05-30,42.0,1.1895334446085408,0.9524126323516794,0.18027954410888553,RF머트리얼즈,2025-07-31,2025-07-31,876,True,success,False,역매공파;삼각수렴,112안착;기준봉;공구리;수박연속,수박지표;초록색화살표;색변환 파란점선,https://contents.premium.naver.com/jusikdante/jusikdante1/contents/250916172551785bp,NOT_REVIEWED,UNKNOWN,True,MARCAP_RESEARCH_ADJUSTED,0,True,2025-07-31,2025-07-31,2025-07-28,False,,charts/327260_20250731.png
2025-08-04,330860,네패스아크,KQ,14540.0,5960777592.0,False,False,True,True,False,False,False,False,True,True,True,1,2,RECOVERY_224,0,1,0,1,1,2,ma_hit_224_448;bowl3_structure;accumulation_cool;concrete,WATCHLIST_RESEARCH_ONLY,NOT_VALIDATED,True,5.697632193204538,0.6152715109626561,-1.684052251635093,112UP;224UP;448DOWN,TURNED_UP,2,33,33,5.0,RECOVERED_224,156,157,-73.56287425149699,2024-04-18,2024-12-09,4,True,False,False,,,,False,14883.223714850697,12841.888506053081,13995.51047399087,17661.948694881605,13.223222527952228,3.8904584939649434,-17.676128205413367,0.25086030171637214,15.534962071056441,6.778219592111457,0.0,11340.000000000005,2025-06-09,2025-06-10,,,,,,,네패스아크,2025-08-04,2025-08-04,878,True,success,False,밥그릇;기준봉매매;역매공파,224부근안착;공구리;기준봉;눌림,수박지표;파란점선,https://contents.premium.naver.com/jusikdante/jusikdante1/contents/251001163002355sr,NOT_REVIEWED,UNKNOWN,True,MARCAP_RESEARCH_ADJUSTED,0,True,2025-07-15,2025-07-15,2025-07-28,True,True,charts/330860_20250804.png
2025-08-04,077360,덕산하이메탈,KQ,4630.0,5721033496.6,False,False,True,True,False,True,False,False,True,False,True,1,2,RECOVERY_224,1,1,0,0,1,1,ma_hit_224_448;bowl3_structure;224_4month_near10_context;concrete,WATCHLIST_RESEARCH_ONLY,NOT_VALIDATED,True,1.1861933363750854,-0.8499384242481867,-1.6045368831599016,112UP;224DOWN;448DOWN,TURNED_UP,2,5,5,3.0,RECOVERED_224,132,157,-61.782296650717704,2024-05-27,2024-12-09,262,True,True,True,TURNING,3.0,SEARCH_DAY_ENTRY_BACKTEST_NEGATIVE,True,4670.063603100845,4243.682429595732,4547.999735436467,5261.911575270324,9.103357209532525,1.8029962474407135,-12.009163708492377,1.3461072940044825,16.744111860649788,3.3013038015021534,0.0,4444.999999999999,2025-07-30,2025-08-01,,,,,,,덕산하이메탈,2025-08-04,2025-08-04,878,True,success,False,밥그릇;기준봉매매,횡보;기준봉;거래량감소눌림;112손절참조,수박지표;가격이동평균;파란점선,https://contents.premium.naver.com/jusikdante/jusikdante1/contents/251002161729128jt,NOT_REVIEWED,UNKNOWN,True,MARCAP_RESEARCH_ADJUSTED,0,True,2025-07-16,2025-07-16,2025-07-30,True,True,charts/077360_20250804.png
2025-08-08,146320,비씨엔씨,KQ,10290.0,2186548310.0,True,True,False,True,True,True,True,True,True,True,True,2,3,RECOVERY_112;RECOVERY_224,2,2,1,1,2,4,256_long;ma_hit_112_224;bowl3_structure;reverse112_context;224_4month_near10_context;share_1to1;blue_dot_bb35;accumulation_cool;concrete,WATCHLIST_RESEARCH_ONLY,NOT_VALIDATED,True,1.0903957849392354,-1.844174431428669,-2.37556795842494,112UP;224DOWN;448DOWN,TURNED_UP,2,8,9,,APPROACH_224,160,161,-67.5,2024-04-12,2024-12-09,317,True,True,True,TURNING_COOLED,4.0,SEARCH_DAY_ENTRY_BACKTEST_NEGATIVE,True,10197.747218772625,9529.98025387265,10790.057015375332,13178.810727730557,7.975040093273056,-4.634424217247169,-21.920116977262495,0.28211719789011813,17.255034800725106,0.0,0.0,9170.000000000004,2025-07-15,2025-07-17,112.0,2025-07-15,39.0,0.9229675753149805,0.8230157849642945,0.21063006166833234,비씨엔씨,2025-08-08,2025-08-08,843,True,success,False,지분기법;역매공파,112기준1대1;112안착;매집봉;공구리,색변환 파란점선;수박지표;초록색화살표,https://contents.premium.naver.com/jusikdante/jusikdante1/contents/251002164439202kg,NOT_REVIEWED,UNKNOWN,True,MARCAP_RESEARCH_ADJUSTED,0,True,2025-07-15,2025-07-15,2025-07-15,False,,charts/146320_20250808.png
2025-08-11,007980,TP,KO,1527.0,340333803.3,False,False,True,False,False,False,True,True,True,True,True,1,1,RECOVERY_224,0,1,1,1,2,3,ma_hit_224_448;share_1to1;blue_dot_bb35;accumulation_cool;concrete,WATCHLIST_RESEARCH_ONLY,NOT_VALIDATED,True,1.2792118603516478,0.2804862396865948,-0.4515986623138235,112UP;224UP;448DOWN,TURNED_UP,2,48,49,7.0,,160,87,-20.447482908639014,2024-08-01,2025-04-03,4,True,False,False,,,,False,1511.6819659362895,1448.748560294847,1470.3758219263984,1567.5930985308833,5.401312681147874,3.8510003516934788,-2.5895175584101815,0.8919663020604266,5.6479362661960435,0.0,0.0,1363.000000000001,2025-05-29,2025-05-30,112.0,2025-05-30,66.0,1.0286161171441743,1.1172469790570916,0.11440137174248156,TP,2025-08-11,2025-08-11,883,True,success,False,밥그릇,224안착;공구리;수박재출현;전고점갭목표,수박지표;색변환 파란점선;레인보우,https://contents.premium.naver.com/jusikdante/jusikdante1/contents/250926142559776wn,NOT_REVIEWED,UNKNOWN,True,MARCAP_RESEARCH_ADJUSTED,0,True,2025-07-15,2025-07-15,,True,False,charts/007980_20250811.png
2025-08-25,088130,동아엘텍,KQ,3385.0,1007950168.9,False,False,True,False,False,True,False,True,True,True,True,1,1,RECOVERY_224,1,1,0,1,2,2,ma_hit_224_448;224_4month_near10_context;blue_dot_bb35;accumulation_cool;concrete,WATCHLIST_RESEARCH_ONLY,NOT_VALIDATED,True,0.13564230712377334,-0.9544326866053221,-0.9963838573966877,112UP;224DOWN;448DOWN,TURNED_UP,2,2,2,1.0,,131,92,-48.74162207483892,2024-09-23,2025-04-09,176,True,True,True,TURNING_COOLED,4.0,SEARCH_DAY_ENTRY_BACKTEST_NEGATIVE,False,3301.1249464407806,3193.58421749201,3367.9211197374652,3587.690133061129,5.9937602853734395,0.5071045210187641,-5.649599757607482,0.45957998778270015,14.91008358253551,0.0,0.0,3350.000000000001,2025-08-22,2025-08-25,,,,,,,동아엘텍,2025-08-25,2025-08-25,892,True,success,False,역매공파,112안착;매집봉;공구리;박스저점,색변환 파란점선;수박지표,https://contents.premium.naver.com/jusikdante/jusikdante1/contents/251014165118313vd,NOT_REVIEWED,UNKNOWN,True,MARCAP_RESEARCH_ADJUSTED,0,True,2025-08-22,2025-08-22,,False,,charts/088130_20250825.png
2025-09-08,424760,벨로크,KQ,1002.0,85215107.55,False,False,True,True,False,True,False,True,True,False,True,1,2,RECOVERY_224,1,1,0,0,2,1,ma_hit_224_448;bowl3_structure;224_4month_near10_context;blue_dot_bb35;concrete,WATCHLIST_RESEARCH_ONLY,NOT_VALIDATED,True,0.924350278982855,-0.9611590591672159,-2.156203617601804,112UP;224DOWN;448DOWN,TURNED_UP,2,14,16,3.0,RECOVERED_224,127,181,-59.16380297823592,2024-06-03,2024-12-09,87,True,True,True,TURNING,3.0,SEARCH_DAY_ENTRY_BACKTEST_NEGATIVE,True,995.9804394235696,931.5833665281338,999.1878986537754,1241.621854357536,7.558811803853693,0.2814386913625899,-19.29910089102981,0.7557229312115303,1.611005899383554,0.7799037167661504,0.0,974.0,2025-09-03,2025-09-04,,,,,,,벨로크,2025-09-08,2025-09-08,766,True,success,False,역매공파;역헤드앤숄더,역배열;쓰리바닥;공구리;112손절참조,색변환 파란점선;역매공파화살표;수박지표,https://contents.premium.naver.com/jusikdante/jusikdante1/contents/251210171513294nm,NOT_REVIEWED,UNKNOWN,True,MARCAP_RESEARCH_ADJUSTED,0,True,2025-09-03,2025-09-03,,False,,charts/424760_20250908.png
2025-10-13,270660,에브리봇,KQ,20650.0,12562236314.0,False,False,False,False,False,False,True,True,True,True,True,0,0,,0,0,1,1,2,2,share_1to1;blue_dot_bb35;accumulation_cool;concrete,WATCHLIST_RESEARCH_ONLY,NOT_VALIDATED,True,3.6867399746925322,1.5421501168598306,0.47301457816626424,112UP;224UP;448UP,TURNED_UP,2,18,21,15.0,,44,122,-40.1,2025-02-05,2025-04-09,35,False,False,False,,,,False,19524.221324470807,16980.385537785758,17015.037112303984,17432.68723067493,21.61090190825408,21.36323807996565,18.455632954073884,1.1710077035267403,8.75858921243969,0.0,0.0,16859.999999999996,2025-09-15,2025-09-16,60.0,2025-05-14,52.0,1.7404297944204337,0.7837330600878402,0.6053475294117435,에브리봇,2025-10-13,2025-10-13,922,True,success,False,밥그릇;엘리어트파동,112_224_448수렴;이평위안착;장기횡보;눌림,파란점선;수박지표,https://contents.premium.naver.com/jusikdante/jusikdante1/contents/260213163747833yn,NOT_REVIEWED,UNKNOWN,True,MARCAP_RESEARCH_ADJUSTED,0,True,2025-09-15,2025-09-15,2025-09-26,True,False,charts/270660_20251013.png
2025-11-03,366030,공구우먼,KQ,5040.0,1936449986.2,False,False,False,True,False,False,True,True,True,False,True,1,1,RECOVERY_224,0,1,1,0,2,2,bowl3_structure;share_1to1;blue_dot_bb35;concrete,WATCHLIST_RESEARCH_ONLY,NOT_VALIDATED,True,3.8113357632234113,1.4515502691069715,-0.2998717830692055,112UP;224UP;448DOWN,TURNED_UP,2,37,33,21.0,RECOVERED_224,133,216,-53.701015965166874,2024-05-24,2024-12-09,51,False,False,False,,,,False,4974.64970017927,4472.336331876886,4519.09964771143,5008.588417189297,12.692776794917048,11.526640103020625,0.6271544034822218,0.5927870904917576,1.9320971394361701,0.8694055041227111,0.0,4440.000000000001,2025-09-26,2025-09-29,112.0,2025-06-20,68.0,1.2769439546634145,1.3327061701990957,0.3771682984621655,공구우먼,2025-11-03,2025-11-03,885,True,success,False,삼각수렴;밥그릇,작은밥그릇;2번끝;삼각수렴돌파;224하방여지,수박지표;가격이동평균;구름대,https://contents.premium.naver.com/jusikdante/jusikdante1/contents/251112164213072mf,NOT_REVIEWED,UNKNOWN,True,MARCAP_RESEARCH_ADJUSTED,0,True,2025-09-26,2025-09-26,,True,True,charts/366030_20251103.png
2025-11-17,091700,파트론,KQ,7010.0,946982105.5,False,False,True,False,False,False,True,False,True,False,True,1,1,RECOVERY_224,0,1,1,0,1,2,ma_hit_224_448;share_1to1;concrete,WATCHLIST_RESEARCH_ONLY,NOT_VALIDATED,True,1.393499531968878,0.26245997852445413,-0.4129915751735602,112UP;224UP;448DOWN,TURNED_UP,2,25,26,15.0,,120,68,-16.245006657789663,2025-02-10,2025-08-05,2,True,False,False,,,,False,7022.804686677947,6717.750802559874,6838.100374600367,7250.006028160237,4.350402478888649,2.513850572275045,-3.3104252221034525,0.7727782415400742,1.5149946561840588,1.7352066589676918,0.33678813241542205,7050.000000000002,2025-11-12,2025-11-13,112.0,2025-09-17,137.0,1.1345031061366453,0.876181535108749,0.18274899030384342,파트론,2025-11-17,2025-11-17,947,True,mixed,True,중파동 추세전환;지분기법,112기준1대1;224안착;대중파동저점,색변환 파란점선;레인보우;볼린저밴드,https://contents.premium.naver.com/jusikdante/jusikdante1/contents/251231160123145mc,NOT_REVIEWED,UNKNOWN,True,MARCAP_RESEARCH_ADJUSTED,0,True,2025-11-12,2025-11-12,,False,,charts/091700_20251117.png
2025-12-02,317400,자이에스앤디,KO,3915.0,827057048.6,False,False,True,True,False,False,True,False,False,True,True,1,2,RECOVERY_224,0,1,1,1,1,3,ma_hit_224_448;bowl3_structure;share_1to1;accumulation_cool;concrete,WATCHLIST_RESEARCH_ONLY,NOT_VALIDATED,True,2.473426610725693,0.6466523995214413,-0.7279625385166688,112UP;224UP;448DOWN,TURNED_UP,2,17,18,18.0,RECOVERED_224,155,160,-37.2528616024974,2024-08-12,2025-04-07,70,True,False,False,,,,False,3815.836354246431,3490.3893658767574,3565.048224394034,3993.5407989864884,12.165136596919002,9.816186306019702,-1.9666957955311593,0.3214513280339574,4.511909720713791,2.087546310866839,1.6847592280657686,3425.0,2025-11-06,2025-11-14,112.0,2025-11-04,31.0,1.4491588180241064,1.2006188801534718,0.413591594714161,자이에스앤디,2025-12-02,2025-12-02,958,True,success,False,쌍바닥;각도/파동,대중파동저점;쌍바닥;강한장대양봉;횡보조정,수박지표;레인보우브릿지;색변환 파란점선,https://contents.premium.naver.com/jusikdante/jusikdante1/contents/260114164044466sv,NOT_REVIEWED,UNKNOWN,True,MARCAP_RESEARCH_ADJUSTED,0,True,2025-11-06,2025-11-06,2025-11-06,False,,charts/317400_20251202.png
2025-12-09,004980,성신양회,KO,9730.0,419823596.75,False,False,False,True,False,False,False,False,False,False,False,1,1,RECOVERY_224,0,1,0,0,0,1,bowl3_structure,WATCHLIST_RESEARCH_ONLY,NOT_VALIDATED,False,0.1237199653945531,0.806963039807429,0.566625876987592,112UP;224UP;448UP,TURNED_UP,2,2,2,156.0,RECOVERED_224,158,170,-24.259055982436873,2024-07-31,2025-03-31,2,True,False,False,,,,False,9727.23298479572,9695.680070664568,9344.06425434729,9174.782957858904,0.35397134688128773,4.130277095142576,6.051555057937463,1.2097226789305937,2.1339855605348372,2.3344772637467814,1.838157869247703,,,,,,,,,,성신양회,2025-12-09,2025-12-09,963,True,success,False,밥그릇;중파동 추세돌파-눌림,밥그릇1_2;큰매집봉;강한공구리;기준봉시가손절,밥그릇매매기법;레인보우지표,https://contents.premium.naver.com/jusikdante/jusikdante1/contents/260416172737910pf,NOT_REVIEWED,UNKNOWN,True,MARCAP_RESEARCH_ADJUSTED,0,False,,,,True,True,charts/004980_20251209.png
2025-12-19,274090,켄코아에어로스페이스,KQ,11670.0,2850128673.0,False,False,True,False,False,False,False,True,True,False,False,1,1,RECOVERY_224,0,1,0,0,1,1,ma_hit_224_448;blue_dot_bb35,WATCHLIST_RESEARCH_ONLY,NOT_VALIDATED,True,-2.2977739993671586,-1.6328796228608056,-1.0573713833671783,112DOWN;224DOWN;448DOWN,FALLING,0,1,1,1.0,,137,10,-30.884450784593533,2025-05-16,2025-12-05,32,True,False,False,,,,False,11350.58391027218,11034.663823176747,11371.62701862447,11737.536310458645,5.7576396254938045,2.623837212448632,-0.5753874464990316,5.703288890004939,9.060134303579412,0.0,0.0,,,,,,,,,,켄코아에어로스페이스,2025-12-19,2025-12-19,971,True,success,False,중파동 추세전환;작은밥그릇,15pct장대양봉;224안착기대;차눌림;기준봉시가손절,수박지표;분홍색화살표;레인보우브릿지,https://contents.premium.naver.com/jusikdante/jusikdante1/contents/251224171214006lz,NOT_REVIEWED,UNKNOWN,True,MARCAP_RESEARCH_ADJUSTED,0,True,2025-12-15,2025-12-15,2025-12-18,True,False,charts/274090_20251219.png
2026-01-23,054620,APS,KQ,4485.0,824817931.45,True,True,False,False,True,False,True,True,True,False,True,1,2,RECOVERY_112,1,1,1,0,2,2,256_long;ma_hit_112_224;reverse112_context;share_1to1;blue_dot_bb35;concrete,WATCHLIST_RESEARCH_ONLY,NOT_VALIDATED,True,-2.9570228601860205,-3.008152257272134,-2.69923184193287,112DOWN;224DOWN;448DOWN,FALLING,0,1,1,1.0,,148,8,-36.49122807017543,2025-06-05,2026-01-13,1,True,False,False,,,,False,4382.351668941524,4328.67661472787,4772.101607551789,5707.411951835513,3.6113435857106024,-6.01625093433581,-21.41797301739159,1.3612645607854934,13.826791725357575,0.0,0.0,4130.000000000001,2026-01-20,2026-01-21,60.0,2026-01-19,147.0,0.8071510047251526,1.101380226359703,0.23500073169158686,APS,2026-01-23,2026-01-23,993,True,success,False,중파동 추세돌파-눌림,중파동전환;저거래량음봉눌림;공구리;기간대칭잔여,수박지표;색변환 파란점선;거래량,https://contents.premium.naver.com/jusikdante/jusikdante1/contents/260401164539883kw,NOT_REVIEWED,UNKNOWN,True,MARCAP_RESEARCH_ADJUSTED,0,True,2026-01-20,2026-01-20,2026-01-22,False,,charts/054620_20260123.png
2026-02-04,100590,머큐리,KQ,3605.0,649640102.35,False,False,True,False,False,True,False,True,True,True,True,1,1,RECOVERY_224,1,1,0,1,2,2,ma_hit_224_448;224_4month_near10_context;blue_dot_bb35;accumulation_cool;concrete,WATCHLIST_RESEARCH_ONLY,NOT_VALIDATED,True,0.5287936056588505,-0.4832550036257932,-1.2660636964464733,112UP;224DOWN;448DOWN,TURNED_UP,2,6,6,6.0,,43,24,-13.304721030042987,2025-10-29,2025-12-30,234,True,True,True,TURNING_COOLED,4.0,SEARCH_DAY_ENTRY_BACKTEST_NEGATIVE,False,3555.2033163143933,3274.540727695802,3391.1110571305076,3828.736076965549,10.09177468794935,6.307341141769651,-5.84360145144478,0.8056458336968251,2.098311968991307,0.17693485020262578,0.0,3460.0000000000014,2026-01-30,2026-02-02,,,,,,,머큐리,2026-02-04,2026-02-04,1001,True,mixed,True,중파동 추세돌파,대중파동저점;매집봉;112_224손절참조,색변환 파란점선;수박지표;레인보우브릿지,https://contents.premium.naver.com/jusikdante/jusikdante1/contents/260318173247578mv,NOT_REVIEWED,UNKNOWN,True,MARCAP_RESEARCH_ADJUSTED,0,True,2026-01-06,2026-01-06,,False,,charts/100590_20260204.png
2026-02-10,159010,아스플로,KQ,5050.0,793772881.05,False,False,True,True,False,False,False,False,False,True,True,1,2,RECOVERY_224,0,1,0,1,1,2,ma_hit_224_448;bowl3_structure;accumulation_cool;concrete,WATCHLIST_RESEARCH_ONLY,NOT_VALIDATED,True,5.151312490729865,1.480063916476837,-1.0834710005778403,112UP;224UP;448DOWN,TURNED_UP,2,47,34,30.0,RECOVERED_224,117,122,-37.56756756756759,2025-02-19,2025-08-11,14,True,False,False,,,,False,5039.189923503533,4553.026160044162,4720.483803649343,5746.54486547408,10.915242357206601,6.9805598336321495,-12.121107235392948,0.8900553129868205,3.308108842646012,6.785009952217624,6.785009952217624,4670.0,2025-12-26,2025-12-30,,,,,,,아스플로,2026-02-10,2026-02-10,1005,True,success,False,중파동 추세전환,장기하락바닥;중파동돌파;매집;112손절참조,수박지표;파란점선;레인보우지표,https://contents.premium.naver.com/jusikdante/jusikdante1/contents/260220172122886hw,NOT_REVIEWED,UNKNOWN,True,MARCAP_RESEARCH_ADJUSTED,0,True,2025-12-26,2025-12-26,,False,,charts/159010_20260210.png
2026-03-09,465770,STX그린로지스,KO,7200.0,6866924963.25,True,True,False,False,True,False,False,True,True,True,True,1,2,RECOVERY_112,1,1,0,1,2,2,256_long;ma_hit_112_224;reverse112_context;blue_dot_bb35;accumulation_cool;concrete,WATCHLIST_RESEARCH_ONLY,NOT_VALIDATED,True,-0.3379348687900796,-2.161307013003133,-2.995062589212927,112DOWN;224DOWN;448DOWN,FLAT_TO_DOWN,1,4,4,4.0,,140,38,-51.26196692776327,2025-06-13,2026-01-08,2,True,False,False,,,,False,7269.218191738853,6719.039970005387,7487.924915682467,9904.177451295753,7.158165930574567,-3.8451896743708747,-27.303402676231002,1.0579806697198562,13.225749216940905,0.0,0.0,6910.000000000003,2026-03-03,2026-03-05,,,,,,,STX그린로지스,2026-03-09,2026-03-09,598,True,stop,True,역매공파,역배열;중파동전환;공구리;112안착;매집봉,수박지표;파란점선,https://contents.premium.naver.com/jusikdante/jusikdante1/contents/260508173158169ph,NOT_REVIEWED,UNKNOWN,True,MARCAP_RESEARCH_ADJUSTED,0,True,2026-03-03,2026-03-03,2026-03-04,False,,charts/465770_20260309.png
2026-03-30,084850,아이티엠반도체,KQ,11370.0,1870281861.75,True,True,False,False,True,False,False,False,True,False,False,1,2,RECOVERY_112,1,1,0,0,0,1,256_long;ma_hit_112_224;reverse112_context,WATCHLIST_RESEARCH_ONLY,NOT_VALIDATED,True,-0.05628574503127037,-1.6285531787499696,-2.289683465263914,112DOWN;224DOWN;448DOWN,FLAT_TO_DOWN,1,3,3,3.0,,102,51,-38.645690834473314,2025-08-08,2026-01-12,1,True,False,False,,,,False,11769.403332978434,10766.80797114632,11705.782371382738,14278.047408219265,5.602329218373359,-2.8685171202535553,-20.36726258903738,1.2458459921486045,8.417133720705737,6.265977474251228,0.0,,,,,,,,,,아이티엠반도체,2026-03-30,2026-03-30,1035,True,success,False,기준봉매매;역매공파,역배열;강한장대양봉;공구리;20_60안착후눌림,색변환 파란점선;수박지표,https://contents.premium.naver.com/jusikdante/jusikdante1/contents/260409171022476in,NOT_REVIEWED,UNKNOWN,True,MARCAP_RESEARCH_ADJUSTED,0,True,2026-03-13,2026-03-13,2026-03-11,False,,charts/084850_20260330.png
2026-04-20,025550,한국선재,KQ,3685.0,1041914872.15,False,False,False,False,False,False,True,True,True,False,True,0,0,,0,0,1,0,2,1,share_1to1;blue_dot_bb35;concrete,WATCHLIST_RESEARCH_ONLY,NOT_VALIDATED,True,-0.7532172514821966,-0.8129622886371313,-0.6414014462759576,112DOWN;224DOWN;448DOWN,FLAT_TO_DOWN,1,3,5,2.0,,112,33,-36.88792165397163,2025-09-11,2026-03-04,24,True,False,False,,,,False,3629.421093904936,3423.5345421349116,3502.2108424136413,3600.537165979828,7.637295743539929,5.219250519491436,2.345839804633343,1.3214664134059817,7.859093110653986,0.0,0.0,3645.000000000002,2026-04-16,2026-04-17,60.0,2026-02-19,74.0,0.9395609545294566,0.7869160213644185,0.24761043725194593,한국선재,2026-04-20,2026-04-20,1050,True,success,False,기준봉매매;밥그릇2번 매집 심화,대중파동저점;공격형매집;중파동전환눌림;기준봉,색변환 파란점선;일목균형지표;수박지표,https://contents.premium.naver.com/jusikdante/jusikdante1/contents/260515165352528il,NOT_REVIEWED,UNKNOWN,True,MARCAP_RESEARCH_ADJUSTED,0,True,2026-04-16,2026-04-16,2026-04-16,True,False,charts/025550_20260420.png
