analysis_date,stock,code,label,source_url
2025-06-17,메쎄이상,408920,explicit_touch,https://contents.premium.naver.com/jusikdante/jusikdante1/contents/250905133030841pp
2025-06-30,이연제약,102460,explicit_touch,https://contents.premium.naver.com/jusikdante/jusikdante1/contents/250902164248381yh
2025-08-01,씨피시스템,413630,explicit_touch,https://contents.premium.naver.com/jusikdante/jusikdante1/contents/250919151431347pa
2025-08-08,비씨엔씨,146320,explicit_touch,https://contents.premium.naver.com/jusikdante/jusikdante1/contents/251002164439202kg
2025-09-08,벨로크,424760,near_or_touch,https://contents.premium.naver.com/jusikdante/jusikdante1/contents/251210171513294nm
2026-03-30,아이티엠반도체,084850,near_or_touch,https://contents.premium.naver.com/jusikdante/jusikdante1/contents/260409171022476in
2025-08-25,동아엘텍,088130,named_only,https://contents.premium.naver.com/jusikdante/jusikdante1/contents/251014165118313vd
2025-08-01,새빗켐,107600,named_only,https://contents.premium.naver.com/jusikdante/jusikdante1/contents/250826145243406jo
2026-01-23,APS,054620,named_only,https://contents.premium.naver.com/jusikdante/jusikdante1/contents/260401164539883kw
